<ImportExportXml xmlns:xsi="http://www.w3.org/2001/XMLSchema-instance">
  <Entities></Entities>
  <Roles></Roles>
  <Workflows></Workflows>
  <FieldSecurityProfiles></FieldSecurityProfiles>
  <Templates />
  <RibbonDiffXml>
    <CustomActions>
      <CustomAction Id="ab.ApplicationRibbon.EntityNavigator.Button.CustomAction" Location="Mscrm.GlobalTab.Tools.Controls._children" Sequence="1">
        <CommandUIDefinition>
          <Button Command="ab.ApplicationRibbon.EntityNavigator.Command" Id="ab.ApplicationRibbon.EntityNavigator.Button" LabelText="$LocLabels:ab.ApplicationRibbon.EntityNavigator.Button.LabelText" Sequence="1" TemplateAlias="o1" ModernImage="$webresource:ab_/EntityNavigator/icon.svg" />
        </CommandUIDefinition>
      </CustomAction>
    </CustomActions>
    <Templates>
      <RibbonTemplates Id="Mscrm.Templates"></RibbonTemplates>
    </Templates>
    <CommandDefinitions>
      <CommandDefinition Id="ab.ApplicationRibbon.EntityNavigator.Command">
        <EnableRules>
          <EnableRule Id="ab.ApplicationRibbon.EntityNavigator.EnableRule" />
        </EnableRules>
        <DisplayRules />
        <Actions>
          <JavaScriptFunction FunctionName="isNaN" Library="$webresource:ab_/EntityNavigator/ribbon.js" />
        </Actions>
      </CommandDefinition>
    </CommandDefinitions>
    <RuleDefinitions>
      <TabDisplayRules />
      <DisplayRules />
      <EnableRules>
        <EnableRule Id="ab.ApplicationRibbon.EntityNavigator.EnableRule">
          <CustomRule FunctionName="AB.EntityNavigatorRibbon.initialize" Library="$webresource:ab_/EntityNavigator/ribbon.js" Default="false" InvertResult="false" />
        </EnableRule>
      </EnableRules>
    </RuleDefinitions>
    <LocLabels>
      <LocLabel Id="ab.ApplicationRibbon.EntityNavigator.Button.LabelText">
        <Titles>
          <Title description="Entity Navigator" languagecode="1033" />
        </Titles>
      </LocLabel>
    </LocLabels>
  </RibbonDiffXml>
  <EntityMaps />
  <EntityRelationships />
  <OrganizationSettings />
  <optionsets />
  <WebResources>
    <WebResource>
      <WebResourceId>{1777bb94-c718-ef11-9f8a-002248097c99}</WebResourceId>
      <Name>ab_/EntityNavigator/index.html</Name>
      <DisplayName>Entity Navigator (Html)</DisplayName>
      <LanguageCode>0</LanguageCode>
      <WebResourceType>1</WebResourceType>
      <IntroducedVersion>1.0.0.0</IntroducedVersion>
      <IsEnabledForMobileClient>0</IsEnabledForMobileClient>
      <IsAvailableForMobileOffline>0</IsAvailableForMobileOffline>
      <IsCustomizable>1</IsCustomizable>
      <CanBeDeleted>1</CanBeDeleted>
      <IsHidden>0</IsHidden>
      <FileName>/WebResources/ab_EntityNavigatorindexhtml1777BB94-C718-EF11-9F8A-002248097C99</FileName>
    </WebResource>
    <WebResource>
      <WebResourceId>{4fe438b7-c718-ef11-9f89-6045bd04114a}</WebResourceId>
      <Name>ab_/EntityNavigator/main.js</Name>
      <DisplayName>Entity Navigator (Script)</DisplayName>
      <LanguageCode>0</LanguageCode>
      <WebResourceType>3</WebResourceType>
      <IntroducedVersion>1.0.0.0</IntroducedVersion>
      <IsEnabledForMobileClient>0</IsEnabledForMobileClient>
      <IsAvailableForMobileOffline>0</IsAvailableForMobileOffline>
      <IsCustomizable>1</IsCustomizable>
      <CanBeDeleted>1</CanBeDeleted>
      <IsHidden>0</IsHidden>
      <FileName>/WebResources/ab_EntityNavigatormainjs4FE438B7-C718-EF11-9F89-6045BD04114A</FileName>
    </WebResource>
    <WebResource>
      <WebResourceId>{f0f77818-cd18-ef11-9f89-6045bd04114a}</WebResourceId>
      <Name>ab_/EntityNavigator/icon.svg</Name>
      <DisplayName>Entity Navigator (Icon)</DisplayName>
      <WebResourceType>11</WebResourceType>
      <IntroducedVersion>1.0.0.0</IntroducedVersion>
      <IsEnabledForMobileClient>0</IsEnabledForMobileClient>
      <IsAvailableForMobileOffline>0</IsAvailableForMobileOffline>
      <IsCustomizable>1</IsCustomizable>
      <CanBeDeleted>1</CanBeDeleted>
      <IsHidden>0</IsHidden>
      <FileName>/WebResources/ab_EntityNavigatoriconsvgF0F77818-CD18-EF11-9F89-6045BD04114A</FileName>
    </WebResource>
    <WebResource>
      <WebResourceId>{7fa22615-ce18-ef11-9f89-6045bd04114a}</WebResourceId>
      <Name>ab_/EntityNavigator/ribbon.js</Name>
      <DisplayName>Entity Navigator Ribbon (Scripts)</DisplayName>
      <LanguageCode>0</LanguageCode>
      <WebResourceType>3</WebResourceType>
      <IntroducedVersion>1.0.0.0</IntroducedVersion>
      <IsEnabledForMobileClient>0</IsEnabledForMobileClient>
      <IsAvailableForMobileOffline>0</IsAvailableForMobileOffline>
      <IsCustomizable>1</IsCustomizable>
      <CanBeDeleted>1</CanBeDeleted>
      <IsHidden>0</IsHidden>
      <FileName>/WebResources/ab_EntityNavigatorribbonjs7FA22615-CE18-EF11-9F89-6045BD04114A</FileName>
    </WebResource>
  </WebResources>
  <CustomControls />
  <EntityDataProviders />
  <Languages>
    <Language>1033</Language>
  </Languages>
</ImportExportXml>